superset,tokens
0,"[3275, 397, 1108, 29920, 29963, 29914, 325, 8096, 1705, 1688, 3956, 4100, 1006, 9683, 25855, 4321, 5312, 1884, 18070, 4504, 4885, 4858, 11033, 16254, 1474]"
1,"[29915, 324, 9101, 4671, 2688, 1007, 1885, 7255, 5164, 1475, 9672, 26933, 16103, 1704, 4942, 19519, 8608, 4768, 8818, 4920, 1507, 23584, 11206, 14172, 5313, 3448, 833, 28563]"
2,"[393, 13396, 777, 2381, 8327, 4697, 2562, 1184, 25300, 2638, 1623, 1302, 16294, 1228, 1025, 2159, 5692, 10917, 17644, 6834, 17970, 4104]"
3,"[22898, 9316, 826, 8072, 568, 3900, 8130, 1127, 3068, 4392, 10916, 5786, 1489, 1334, 392, 3447, 4543, 17506, 24972, 1148, 1303, 19737, 4148, 14603, 4105, 1525, 2572, 1024, 8326]"
4,"[29899, 375, 2129, 29893, 29947, 2631, 1451, 808, 8068, 446, 5459, 8214, 8716, 645, 3953, 4114, 6972, 11095, 3767, 4600, 6662, 14328, 6345, 914, 2038, 23553, 2736, 17344, 2107, 1760, 3660, 6523]"
5,"[29892, 23900, 29898, 663, 29946, 29098, 5337, 1450, 14662, 716, 1426, 17905, 915, 2630, 2039, 374, 8717, 7901, 20676, 15329, 15444, 15775, 6973, 14278, 2106, 6635, 3661, 1357, 10097, 8542, 21180, 17873, 27496, 503]"
6,"[2264, 681, 298, 2904, 15201, 4430, 1165, 1288, 2175, 1020, 6133, 5881, 922, 790, 1374, 5739, 5666, 14995, 9418, 22914, 7546, 1590, 29979, 18150, 1944]"
7,"[2265, 299, 791, 17223, 1259, 1375, 1829, 5450, 12474, 23190, 770, 3829, 1821, 2174, 5667, 2258, 680, 1021, 4646, 29311, 20436, 1289, 1945]"
8,"[2998, 291, 9677, 13030, 2167, 3035, 10700, 27231, 4403, 23904, 4251, 5161, 5282, 26536, 9712, 10331, 3665, 830, 6003, 9819]"
9,"[12045, 290, 8236, 13793, 417, 11561, 2999, 4250, 15664, 2502, 831, 1383, 2750, 18161, 3698]"
10,"[884, 482, 11315, 666, 4639, 1846, 1320, 2049, 18541, 517, 3436, 5405, 4654, 12184, 16498, 25395, 11597, 5589, 13453]"
11,"[2454, 1321, 2278, 885, 1847, 2609, 4655, 4737, 2083, 11619, 24446, 5404, 3222, 2247, 2101, 8353, 11840, 17070]"
12,"[1546, 14656, 3700, 1188, 20501, 11583, 1579, 6005, 26221, 22593, 21099, 6271, 12623, 10088, 4513, 5177, 5731, 4406, 3095, 3913, 1297, 19645]"
13,"[14502, 10977, 24479, 1766, 4955, 3921, 3333, 1063, 26803, 1532, 4161, 7256, 21302, 4766, 722, 20710, 1547, 11412, 4512, 6270, 6233, 1296, 3841]"
14,"[8713, 330, 28984, 530, 11279, 1338, 454, 15656, 18755, 2794, 3869, 9505, 28118, 4964, 9633, 1264, 1915, 900, 24536, 4749, 9924, 670, 23407]"
15,"[901, 1560, 671, 331, 3868, 3164, 455, 4244, 2795, 5297, 1307, 954, 9461, 1914, 11405, 16646, 2330, 1339, 9026, 4979, 5708, 9003, 23283, 10083, 7520]"
16,"[29906, 2873, 29878, 3160, 4049, 14886, 2343, 18750, 336, 14338, 29884, 1466, 1516, 2498, 1179, 5819, 11077, 10144, 5019, 3813, 16888, 1749, 9234, 1772, 5112, 14757, 3145, 9207, 15971, 8931]"
17,"[29879, 29907, 337, 29885, 15366, 3144, 2499, 7705, 13244, 14914, 1467, 1773, 2326, 26453, 20417, 5779, 3847, 13475, 1178, 28962, 17434, 4186, 11662, 26671]"
18,"[342, 427, 3712, 1009, 1994, 14011, 946, 6567, 18254, 7915, 861, 1570, 23633, 2484, 10051, 13242, 1536, 2261, 1389, 21577, 6393, 2928, 3800, 4204]"
19,"[3801, 947, 8918, 3307, 24646, 6288, 931, 11176, 10050, 860, 5628, 2485, 7774, 1976, 5707, 1571, 3367, 1486, 13574, 3271, 12286, 10095, 4069, 17818, 20328, 8293, 13997, 4205]"
20,"[322, 573, 410, 315, 1540, 5761, 2785, 346, 756, 1037, 23131, 2440, 16381, 24434, 12667, 4502, 20805, 4111, 21954, 11643, 7136, 16816]"
21,"[411, 323, 314, 10636, 572, 19388, 3381, 4796, 845, 5987, 347, 12580, 1036, 5032, 6360, 1541, 22357, 5893, 7137, 2784, 3158, 11994, 22233, 20751, 5144, 11874, 17186]"
22,"[4414, 383, 357, 2654, 640, 4003, 3944, 22887, 412, 12003, 23766, 582, 842, 6098, 7024, 12042, 3967, 1900, 1458, 14153, 12799, 10265, 2021, 5290, 10231, 773, 13206, 15695]"
23,"[910, 583, 1459, 3173, 382, 19163, 6987, 10163, 10152, 1105, 6761, 24858, 3787, 17667, 4818, 14227, 29327, 19915, 356, 1052, 5550, 413, 4803, 4375, 2413, 12891, 28396, 8408]"
24,"[278, 294, 619, 264, 6728, 1530, 18873, 17206, 8927, 13432, 1889, 715, 1463, 593, 8198, 21762, 9059, 2632, 18322, 22473, 11133, 8866, 4612, 6055, 11639, 3287]"
25,"[295, 714, 17778, 279, 596, 11509, 265, 15118, 6906, 10503, 4613, 22502, 985, 6656, 2908, 1531, 9940, 18066, 12521, 618, 28666, 18872, 1462, 6729, 26679, 26771, 592, 4018, 29363, 3286]"
26,"[367, 7492, 369, 936, 26252, 5625, 468, 497, 5252, 586, 1438, 2770, 4080, 3370, 3301, 751, 10178, 14710, 1858, 1117, 16931, 6471, 15538, 4274, 5086, 5659, 3615, 7316, 1997]"
27,"[366, 29933, 19138, 368, 496, 3041, 1238, 1080, 9200, 750, 937, 4357, 1367, 5253, 5938, 7493, 5194, 8415, 5232, 1996, 12212, 15092, 1859, 6679, 4275, 4657]"
28,"[1134, 29909, 303, 5982, 2861, 3321, 609, 5826, 14409, 3571, 4316, 1066, 2043, 9815, 9177, 8135, 1711, 11904, 2199, 2866, 9929, 881, 8910, 6631]"
29,"[13, 26397, 5849, 302, 15724, 1135, 608, 24092, 9089, 1067, 21219, 2867, 29908, 13938, 4650, 880, 6575, 2198, 3204, 25962, 4023, 11831, 19932, 9928, 8560, 22406, 17655, 9033, 14549, 23757, 763, 21114]"
30,"[261, 27400, 625, 1121, 12636, 1174, 29990, 5680, 9160, 12463, 21780, 1954, 2203, 2829, 870, 23149, 21558, 2189, 8950, 1988, 737, 4702, 1283, 25413, 3773, 10920, 26361, 8316, 2183]"
31,"[260, 1655, 624, 988, 7738, 1120, 2761, 639, 871, 3907, 2898, 5592, 2556, 23693, 18178, 3462, 4981, 1397, 1175, 2182, 16566]"
32,"[29871, 2098, 896, 1218, 5031, 5528, 1667, 29929, 22005, 7614, 26078, 12246, 12252, 982, 14556, 20789, 24370, 1492, 14525, 21305, 7273, 29857, 8547, 4383]"
33,"[5557, 29928, 9045, 29950, 5795, 550, 1619, 4094, 1661, 897, 1219, 25101, 5837, 983, 14055, 20492, 1493, 29984, 7498, 29080, 1771, 20193, 7437, 18272, 24125, 6023, 1666, 6446, 2242, 2273, 2253]"
34,"[6788, 5866, 2220, 4665, 465, 1017, 1730, 4561, 577, 6935, 22049, 18989, 1407, 2211, 1670, 5996, 2553, 1002, 20060, 18830]"
35,"[20986, 1974, 13874, 1783, 13457, 3226, 1960, 1414, 4704, 3421, 2482, 8688, 2221, 1629, 21823, 3864, 27170, 25088, 5517, 1632]"
36,"[6602, 29874, 521, 1316, 505, 20908, 18853, 3297, 2713, 854, 1840, 14263, 960, 5902, 734, 7307, 17770, 25391, 1744, 16397, 1136, 26056, 6718]"
37,"[29875, 3859, 10676, 9368, 2922, 1317, 520, 855, 25715, 9238, 7805, 1745, 7197, 3509, 24526, 2994, 13173, 589, 735, 5399, 7527, 14422, 8668, 2712]"
38,"[1724, 838, 686, 1144, 711, 4072, 8679, 1559, 10298, 29967, 388, 3523, 1934, 4124, 10582, 25287, 20893, 1102, 3896, 10032, 20021, 13427, 27044, 4060, 557, 14751, 16706]"
39,"[9946, 4125, 8489, 1725, 23547, 1476, 1983, 389, 687, 1145, 1657, 7287, 15301, 1245, 7486, 10644, 3217, 839, 8678, 21475, 997, 16129, 1558, 14851, 12789, 2518, 20892, 4312]"
40,"[29891, 362, 3246, 547, 22576, 799, 1789, 560, 4326, 1169, 21166, 10859, 20140, 4170, 1717, 10884, 9851, 2594, 554, 690, 8263, 1232, 2461]"
41,"[363, 1788, 561, 6297, 555, 29890, 798, 29380, 1716, 29953, 25639, 11098, 8405, 4626, 431, 20336, 7601, 3623, 2543, 3291, 14325, 8449, 9897, 546, 17726, 10557, 25257, 5156, 5790, 9850, 11584, 2233, 18170, 3247]"
42,"[310, 26823, 29882, 1049, 7799, 3097, 10899, 7415, 4511, 27489, 16767, 2729, 26607, 11625, 7067, 12545, 12840, 21203, 18285, 13725, 9704, 21620, 4421, 20841]"
43,"[916, 1048, 17168, 2841, 7143, 19863, 29883, 706, 10946, 311, 4972, 19141, 2919, 21155, 1754, 6811, 8467, 12841, 6286, 1964, 1550, 6434, 6199]"
44,"[4195, 317, 12959, 472, 630, 4280, 820, 15574, 786, 3631, 2184, 24301, 1032, 7515, 348, 694, 28746, 16415, 18556, 5060, 26999, 13382, 3837, 13590, 13342]"
45,"[10778, 349, 316, 2878, 787, 695, 29765, 4688, 3210, 10734, 12906, 18109, 631, 1927, 15860, 3951, 11124, 27280, 473, 16241, 16719, 17151]"
46,"[8581, 451, 459, 650, 29941, 15336, 5076, 4848, 26807, 13544, 511, 8792, 5958, 9694, 21264, 4574, 18473, 6047, 13200, 4045, 3109, 18953, 27375, 1056, 8903, 801]"
47,"[29973, 450, 800, 510, 29940, 2684, 9128, 487, 1810, 10103, 20811, 19817, 1394, 615, 23600, 1112, 13201, 2151, 15748, 23116, 2927, 1968, 10901, 5796, 12112, 17564, 2467, 13004, 731, 3372, 3500]"
48,"[4871, 13879, 1880, 305, 274, 964, 1250, 5391, 11220, 2509, 7688, 12815, 7077, 3182, 23346, 7597, 635, 1582, 16614, 27117, 1040, 11451, 10212, 18733, 3929, 7029, 20725, 1312, 2126, 24221, 1163, 6048, 2669]"
49,"[304, 275, 19046, 7910, 6958, 7037, 8139, 16835, 2416, 1162, 5220, 13979, 2522, 2127, 29030, 10800, 27908, 3564, 10157, 18192, 12903, 3626, 1251, 1583, 22097, 12968]"
50,"[438, 6614, 285, 23503, 1455, 12060, 4116, 4760, 10868, 7916, 1076, 22318, 17583, 4805, 3792, 6463, 2354, 1363, 26552]"
51,"[284, 3677, 3277, 1243, 25122, 22469, 21239, 18409, 3793, 25082, 5037, 6451, 4085, 1454, 13816, 18849, 2646, 7210, 4158, 27791, 439]"
52,"[653, 817, 2834, 1156, 565, 8665, 433, 2965, 2702, 7148, 18180, 17308, 17319, 744, 1208, 1433, 26839, 8179, 10764]"
53,"[652, 564, 7606, 28267, 4131, 22069, 1270, 3427, 5411, 816, 432, 6151, 20074, 4959, 2960, 29682, 19723, 6114, 1432, 8178, 1209, 12809]"
54,"[29903, 1073, 29924, 3123, 443, 2579, 524, 6352, 14910, 2095, 14520, 7333, 24947, 8494, 1862, 3077, 6813, 1501, 18469, 15982, 5973]"
55,"[29925, 5855, 1072, 29902, 2094, 442, 1605, 2578, 12182, 4989, 20446, 2287, 6751, 9839]"
56,"[270, 943, 386, 2000, 282, 3637, 378, 12137, 19152, 13880, 9358, 2849, 3253, 26905, 621, 1015, 865, 16492, 11787, 13352, 29808, 16976, 2514, 1330]"
57,"[271, 4525, 379, 14002, 4328, 387, 7075, 8764, 7344, 7568, 283, 10879, 9570, 1014, 3049, 3252, 5169, 3934, 6511, 13741, 9359, 14737, 8421, 28544, 2779, 22368, 11715, 13095, 3575, 20533, 19267]"
58,"[512, 354, 11174, 405, 13901, 2827, 1446, 806, 6227, 4926, 12096, 5700, 970, 1089, 9312, 2361, 16080, 29733, 12314, 30187]"
59,"[488, 24424, 4892, 3085, 10517, 538, 1784, 4226, 355, 5870, 2177, 15064, 495, 404, 11264, 1196, 8357, 2218, 19194, 14268, 18845, 2298, 14958, 1867, 513, 4528]"
60,"[25828, 333, 2679, 794, 13112, 29956, 5436, 674, 14703, 600, 15835, 4418, 1254, 2477, 2812, 21703, 6781, 1401, 7870, 17545]"
61,"[4556, 675, 476, 16172, 332, 23023, 601, 4089, 6030, 19772, 11614, 2409, 13113, 13723, 4853, 2678, 2813, 1400, 6529, 6426, 7681]"
62,"[24207, 540, 26808, 29853, 2801, 2506, 2035, 534, 4939, 11648, 5888, 21726, 15788, 5676, 18778, 18655]"
63,"[541, 25618, 5758, 14060, 5189, 15589, 22986, 3984, 535, 13261, 26666, 15731, 4152, 2546, 1512, 26940, 18650, 6724, 5365, 6416, 4883, 1853]"
64,"[293, 598, 19263, 267, 277, 616, 1757, 8062, 594, 4038, 10501, 10221, 3820, 7278, 2323, 1460, 1529, 11248, 23968, 5342, 3889]"
65,"[292, 1891, 7539, 3821, 6403, 1461, 10122, 276, 3834, 599, 713, 266, 27477, 17097, 9796, 6095, 17204, 22498, 11135, 2911, 2634, 9969]"
66,"[370, 5192, 752, 18658, 498, 6405, 1082, 2744, 3150, 585, 364, 4350, 5498, 1857, 4482, 471, 19799, 8452, 4727, 9590, 12613, 748, 13023, 9773, 16892]"
67,"[470, 2531, 365, 938, 499, 1999, 29934, 749, 3303, 5084, 22193, 584, 5254, 19119, 4257, 1237, 19798, 8377, 371, 24494, 29373, 24338, 8453, 1083, 2768, 1572, 4337, 4358, 5842, 21159, 28927]"
68,"[3186, 300, 610, 10225, 3942, 20098, 5825, 10188, 882, 1095, 7338, 21990, 5925, 9662, 17977, 3206, 1894, 18350, 1133, 1065]"
69,"[23448, 301, 29911, 760, 883, 4649, 12409, 6572, 13377, 7243, 1094, 7967, 25014, 5824, 11828, 2197, 7187, 6176, 10071, 9037]"
70,"[262, 10812, 12875, 1953, 738, 1122, 626, 2200, 29265, 3587, 15058, 1173, 2180, 5773, 15099, 2251, 9665, 2029, 2190, 24389, 3546, 23468, 25158, 23799, 27253, 637, 2615, 3460, 6411, 10829, 5683]"
71,"[263, 739, 17135, 6410, 627, 4486, 868, 2582, 3547, 2028, 6518, 13855, 5682, 2191, 2181, 25451, 2614, 8042, 1123, 7584, 2559, 9306, 26871]"
72,"[22261, 29887, 12817, 3021, 7004, 6892, 2324, 29877, 5375, 339, 2497, 13318, 19805, 17120, 11078, 3146, 21784, 28600, 7959, 6382, 2495, 25996]"
73,"[338, 20488, 29886, 29876, 5613, 10772, 9232, 1803, 7018, 1177, 3844, 21785, 11758, 27721, 3738, 16650, 11654]"
74,"[3619, 2931, 8945, 341, 2448, 2693, 1539, 424, 4469, 6394, 4497, 2204, 3803, 862, 3885, 11761, 5935, 5705, 7374, 945, 6459, 12080, 7083, 2788, 12032]"
75,"[22330, 2673, 15189, 340, 11541, 2692, 1568, 11421, 425, 4287, 1485, 3714, 3802, 7773, 6322, 10049, 2486, 10952]"
76,"[312, 409, 345, 759, 16382, 321, 574, 1848, 22247, 1431, 24147, 4546, 8476, 14388, 3708, 2308, 1038, 3156]"
77,"[313, 408, 758, 4799, 10057, 575, 1824, 344, 5894, 10667, 1430, 2142, 14194, 2309, 15477, 5147, 1849, 17729]"
78,"[19309, 380, 358, 13100, 2022, 22884, 415, 2431, 774, 5960, 8979, 2472, 5454, 1625, 10161, 3785, 14610]"
79,"[359, 1638, 10267, 6559, 381, 414, 29220, 3174, 6584, 6762, 6096, 4757, 29594, 13748, 3946, 2169, 4367]"
80,"[288, 1371, 5753, 1274, 2164, 1939, 19689, 2230, 20190, 10173, 20378, 17105, 5403, 1678, 22305, 15509, 14953, 419, 2602, 11563, 22622]"
81,"[289, 8157, 2749, 1584, 7177, 1380, 4211, 27931, 2603, 26311, 828, 22031, 18346, 2586, 2598, 23684, 18054, 1295, 4249, 1552, 11915, 5921]"
82,"[5478, 5491, 740, 11461, 481, 12392, 2894, 25392, 5547, 11664, 5735, 4475, 5637, 2075, 887, 1323, 3439, 20793]"
83,"[886, 4637, 664, 4738, 2625, 519, 2453, 10376, 1641, 3168, 3438, 24601, 20508, 26176, 3632, 2895, 22526]"
84,"[1576, 10672, 5065, 4953, 727, 720, 3805, 3335, 18902, 13899, 1061, 8045, 4630, 2026, 24928, 20648, 22155, 2312, 11647, 8015, 21704]"
85,"[1577, 18530, 1060, 14321, 1765, 6900, 10090, 1299, 3915, 16115, 721, 11681, 2313, 11581, 19647, 1535, 3267, 4162, 8514, 4515, 6038]"
86,"[952, 10008, 10805, 11407, 1267, 3240, 7271, 16637, 1353, 329, 453, 1337, 3018, 13537, 20228, 7935, 2212, 7232, 7899]"
87,"[452, 328, 4971, 27580, 5298, 902, 1336, 15658, 1304, 10489, 953, 12300, 528, 18016, 27884, 3241, 11747, 1913, 3799, 27081]"
88,"[398, 29923, 4507, 1310, 697, 9103, 326, 1111, 1706, 1473, 2941, 11291, 4174, 4940, 28152, 5857, 1691, 2122, 7378, 1505, 11825, 1646, 4103, 2357, 5166]"
89,"[1472, 4828, 327, 1707, 3273, 3196, 399, 4771, 4175, 13622, 10933, 4856, 17814, 12963, 8564, 1004, 935, 17550, 3958, 6280, 25802]"
90,"[5328, 12175, 1026, 5057, 2561, 8128, 28526, 1301, 824, 14218, 394, 1150, 14637, 778, 1125, 26712, 4441, 1527, 4772]"
91,"[1230, 29762, 8104, 1621, 571, 17646, 825, 2560, 14803, 11902, 1300, 7358]"
92,"[29896, 372, 501, 1285, 9736, 679, 661, 29894, 913, 1763, 6942, 445, 1085, 4309, 11836, 4427, 3663, 3954, 18643, 3013]"
93,"[29897, 373, 29945, 1608, 9687, 1284, 719, 647, 678, 8709, 19335, 29895, 14919, 17346, 5264, 18642, 1762, 1358, 2738, 16858, 9890]"
94,"[297, 768, 19413, 19782, 1023, 4396, 15202, 3059, 25562, 1129, 9642, 18099, 2846, 789, 24552, 1804, 15797, 2267, 4824, 4845, 4599, 8552, 682, 2256, 5120, 25348, 4644, 5665]"
95,"[920, 3058, 296, 1128, 1022, 19783, 2266, 12562, 20130, 29995, 1588, 15595, 5883, 14188, 4428, 14586, 18015, 16899, 769, 2257, 7443, 17923, 683, 5664, 8906, 25664, 9770, 4776, 1372, 1222]"
96,"[3573, 385, 269, 403, 940, 281, 8429, 5560, 16500, 3483, 10523, 4790, 4549, 3349, 1799, 6509, 8766, 16679]"
97,"[402, 280, 5046, 3038, 2002, 18020, 4439, 376, 384, 3395, 7389, 7308, 4331, 623, 21595, 7291]"
98,"[515, 493, 805, 16083, 406, 9315, 11266, 7282, 1090, 5868, 2590, 9443, 23818, 2362, 3878, 2719, 1603, 22827, 6119, 6204, 1985, 1206, 19702, 20471, 19328, 15326]"
99,"[491, 352, 537, 1199, 514, 1099, 492, 2363, 4225, 18406, 1207, 3189, 7573, 6225, 1602, 16454, 2178, 12121, 7283, 407, 3086, 4866, 9068]"
100,"[3704, 6028, 478, 12130, 13394, 793, 2411, 3961, 10459, 4590, 25548, 5439, 1253, 28533, 2882, 8226, 16720, 2478, 16958, 673, 12504, 7363, 17546, 15668, 11706]"
101,"[672, 2410, 335, 26438, 479, 13015, 4565, 16661, 1349, 10936, 2814, 602, 8227, 4201, 6530, 6425, 8025, 17973, 14591, 1692, 7846, 23388, 13374, 1342, 7618, 7362]"
102,"[3129, 14165, 1071, 20410, 2796, 5367, 8980, 15680, 2147, 993, 4881, 5208, 543, 2224, 7698, 2544, 5332, 23915, 3530, 3052]"
103,"[895, 2, 542, 1070, 14040, 3987, 6727, 6419, 2109, 15284, 5333, 1376, 2146, 2225, 12439, 19754, 8634, 18367, 23746, 23035, 5890, 2797, 9295, 14985, 8194]"
104,"[2305, 306, 23878, 16157, 273, 1883, 3624, 3398, 967, 25702, 2520, 22514, 7190, 11223, 13977, 28696, 23958, 2125, 6051, 24899, 27803, 10712, 3031, 1160, 5222, 2821, 3353, 4495, 25078, 3250, 6057, 12812, 15633]"
105,"[272, 633, 307, 2820, 2775, 2304, 3625, 1161, 25079, 966, 3074, 1314, 24395, 5040, 4869, 1248, 21567]"
106,"[10416, 437, 5802, 4156, 286, 3295, 6460, 3279, 12566, 22693, 2857, 20431, 22104, 1906, 28043, 2890, 1698, 1241, 10551, 2989, 17743, 1523, 14679, 22713]"
107,"[287, 14746, 2645, 1907, 436, 24354, 1078, 6548, 14235, 4086, 7408, 7300, 2891, 29542, 6461, 8244, 27131, 1361, 1522, 5780, 24215, 2753, 10966, 6592, 1240]"
108,"[2301, 747, 25173, 14997, 2933, 23364, 7745, 4123, 654, 10767, 5521, 20961, 566, 19015, 15135, 9998, 21779, 2701, 27579, 2550, 11553, 13931, 2966, 16699, 1434]"
109,"[5618, 746, 2662, 567, 1682, 15899, 1422, 8177, 655, 7371, 1269, 6479, 435, 16808, 5075, 4122, 2963, 2967, 2700, 16246]"
110,"[29900, 18414, 440, 2285, 27310, 5461, 812, 527, 18470, 6749, 2435, 2092, 7835, 1074, 2407, 15543, 5323]"
111,"[526, 29901, 423, 1815, 1860, 29926, 16311, 441, 8589, 19848, 3647, 15542, 14407, 10605, 1503, 6354, 28620, 16206]"
112,"[20309, 2593, 1182, 29955, 21549, 1509, 29888, 4815, 361, 3289, 796, 11157, 689, 2071, 7101, 2462, 28056, 12151, 4325, 544, 4624, 24414, 1718, 27274, 24378, 429, 2235, 8825, 3245]"
113,"[29889, 360, 858, 545, 29954, 6914, 1508, 3620, 4230, 797, 10992, 562, 552, 1171, 428, 2538, 9536, 688, 29287, 1791, 2540, 2592, 17323, 4684, 8406, 6652, 1183, 4168, 2463, 14717, 8261]"
114,"[5138, 2192, 309, 6284, 29881, 26820, 1141, 10186, 11626, 4345, 704, 8388, 11798, 12234, 6544, 19861, 2730, 1741, 9377, 26322, 4456, 17441, 1028, 18930, 918]"
115,"[607, 4344, 21622, 22950, 1549, 21152, 29880, 11981, 5224, 18287, 23806, 2193, 8675, 5117, 4457, 4509, 4423, 16225, 7975, 8882]"
116,"[351, 13589, 318, 475, 21260, 19767, 3628, 3308, 4690, 17711, 2439, 13407, 15194, 5377, 1153, 7512, 3455, 1035]"
117,"[979, 319, 822, 29916, 350, 3464, 2877, 1924, 784, 1034, 628, 16842, 15006, 7567, 2438, 5713, 17796, 5644, 27283, 23170, 12957, 15397, 17091, 1152, 15678, 1044]"
118,"[508, 456, 448, 9701, 2086, 2925, 3578, 2133, 1833, 4660, 6576, 1564, 767, 4573, 658, 802, 2149, 17126, 3747, 485, 7543, 6504, 15453, 3594, 5371, 15339, 10115, 1114, 6090]"
119,"[766, 457, 484, 29943, 1058, 4850, 2087, 449, 659, 18906, 728, 1832, 23603, 1971, 27208, 21266, 509, 9552, 3580, 15721, 14351, 3595, 29612, 7451, 5370]"
120,"[24876, 2318, 1663, 28596, 20225, 1617, 23238, 1217, 1664, 12941, 9055, 548, 899, 14542, 7111, 4092, 7463, 5199, 4266, 4568, 14053, 9047, 4579, 21211, 4984]"
121,"[2319, 5198, 29931, 898, 9950, 6877, 29949, 1494, 22550, 2459, 549, 20791, 29939, 8348, 2274, 24382, 12652, 6238, 1662]"
122,"[4835, 17294, 27912, 951, 4841, 466, 18551, 5633, 1781, 1001, 974, 6668, 13104, 5464, 1404, 8439, 1634, 4666, 26129]"
123,"[467, 1019, 579, 1973, 6911, 975, 5518, 20354, 26414, 950, 22543, 2222, 5864, 1728, 3867, 5022, 2209, 15168, 6933, 22809, 1000, 11044, 16392, 26531]"
124,"[2398, 6554, 7807, 701, 26458, 1319, 29873, 2722, 4099, 27008, 963, 5901, 591, 522, 15247, 28428, 506, 5444, 11286, 21862, 16011, 2714, 29999, 6154, 1277, 853, 13175, 6247, 3761, 11695]"
125,"[852, 962, 9545, 29968, 20863, 29872, 590, 3856, 6555, 17511, 11029, 523, 8333, 7713, 6600, 3082, 12912, 700, 27430]"
126,"[1556, 4063, 6757, 14022, 1981, 4721, 6212, 7329, 708, 837, 1727, 10951, 391, 1478, 4127, 21755, 3742, 10311, 9450, 17300, 7861, 6040, 16429, 15859, 17696, 27668, 14372, 8078, 1247, 3219, 26406]"
127,"[559, 29747, 10296, 390, 29965, 25323, 8677, 1932, 10428, 1100, 6041, 4074, 3283, 20023, 14979, 3218, 1146, 1557, 1246, 10085, 7284]"
